<ApplicationInfo xmlns:xsd="http://www.w3.org/2001/XMLSchema"
  xmlns:xsi="http://www.w3.org/2001/XMLSchema-instance" ToolVersion="1.8.4.0">
  <Name>install.ps1</Name>
  <UnencryptedContentSize>2117</UnencryptedContentSize>
  <FileName>automate.intunewin</FileName>
  <SetupFile>install.ps1</SetupFile>
  <EncryptionInfo>
    <EncryptionKey>TL5w2kSbhW0+Vb/ngucj1fIa7YfAnFG/d+U3o/qGG24=</EncryptionKey>
    <MacKey>NGPnJKKQIPM4yD4dCJ0GVCF0pqFsLX2TCb040bjLBBg=</MacKey>
    <InitializationVector>QGvxYMYrgYovA6uo9XQ60w==</InitializationVector>
    <Mac>Q8PF4sGPbuxDyoQpmJUGVLvZw9hGhOBX0IhQNeeQEHk=</Mac>
    <ProfileIdentifier>ProfileVersion1</ProfileIdentifier>
    <FileDigest>49a2kb03OrNyDt0eZHSpSARq9HzvQL0IrBkcPffwC4M=</FileDigest>
    <FileDigestAlgorithm>SHA256</FileDigestAlgorithm>
  </EncryptionInfo>
</ApplicationInfo>