<Objs Version="1.1.0.1" xmlns="http://schemas.microsoft.com/powershell/2004/04">
  <Obj RefId="0">
    <TN RefId="0">
      <T>Microsoft.PowerShell.Commands.PSRepositoryItemInfo</T>
      <T>System.Management.Automation.PSCustomObject</T>
      <T>System.Object</T>
    </TN>
    <MS>
      <S N="Name">Az.Storage</S>
      <S N="Version">6.2.0</S>
      <S N="Type">Module</S>
      <S N="Description">Microsoft Azure PowerShell - Storage service data plane and management cmdlets for Azure Resource Manager in Windows PowerShell and PowerShell Core.  Creates and manages storage accounts in Azure Resource Manager._x000D__x000A__x000D__x000A_For more information on Storage, please visit the following: https://learn.microsoft.com/azure/storage/</S>
      <S N="Author">Microsoft Corporation</S>
      <S N="CompanyName">azure-sdk</S>
      <S N="Copyright">Microsoft Corporation. All rights reserved.</S>
      <DT N="PublishedDate">2024-04-30T02:21:06-04:00</DT>
      <Nil N="InstalledDate" />
      <Nil N="UpdatedDate" />
      <URI N="LicenseUri">https://aka.ms/azps-license</URI>
      <URI N="ProjectUri">https://github.com/Azure/azure-powershell</URI>
      <Nil N="IconUri" />
      <Obj N="Tags" RefId="1">
        <TN RefId="1">
          <T>System.Object[]</T>
          <T>System.Array</T>
          <T>System.Object</T>
        </TN>
        <LST>
          <S>Azure</S>
          <S>ResourceManager</S>
          <S>ARM</S>
          <S>Storage</S>
          <S>StorageAccount</S>
          <S>PSModule</S>
          <S>PSEdition_Core</S>
          <S>PSEdition_Desktop</S>
        </LST>
      </Obj>
      <Obj N="Includes" RefId="2">
        <TN RefId="2">
          <T>System.Collections.Hashtable</T>
          <T>System.Object</T>
        </TN>
        <DCT>
          <En>
            <S N="Key">RoleCapability</S>
            <Obj N="Value" RefId="3">
              <TNRef RefId="1" />
              <LST />
            </Obj>
          </En>
          <En>
            <S N="Key">Cmdlet</S>
            <Obj N="Value" RefId="4">
              <TNRef RefId="1" />
              <LST>
                <S>Add-AzRmStorageContainerLegalHold</S>
                <S>Add-AzStorageAccountManagementPolicyAction</S>
                <S>Add-AzStorageAccountNetworkRule</S>
                <S>Close-AzStorageFileHandle</S>
                <S>Copy-AzStorageBlob</S>
                <S>Disable-AzStorageBlobDeleteRetentionPolicy</S>
                <S>Disable-AzStorageBlobLastAccessTimeTracking</S>
                <S>Disable-AzStorageBlobRestorePolicy</S>
                <S>Disable-AzStorageContainerDeleteRetentionPolicy</S>
                <S>Disable-AzStorageDeleteRetentionPolicy</S>
                <S>Disable-AzStorageStaticWebsite</S>
                <S>Enable-AzStorageBlobDeleteRetentionPolicy</S>
                <S>Enable-AzStorageBlobLastAccessTimeTracking</S>
                <S>Enable-AzStorageBlobRestorePolicy</S>
                <S>Enable-AzStorageContainerDeleteRetentionPolicy</S>
                <S>Enable-AzStorageDeleteRetentionPolicy</S>
                <S>Enable-AzStorageStaticWebsite</S>
                <S>Get-AzDataLakeGen2ChildItem</S>
                <S>Get-AzDataLakeGen2DeletedItem</S>
                <S>Get-AzDataLakeGen2Item</S>
                <S>Get-AzDataLakeGen2ItemContent</S>
                <S>Get-AzRmStorageContainer</S>
                <S>Get-AzRmStorageContainerImmutabilityPolicy</S>
                <S>Get-AzRmStorageShare</S>
                <S>Get-AzStorageAccount</S>
                <S>Get-AzStorageAccountKey</S>
                <S>Get-AzStorageAccountManagementPolicy</S>
                <S>Get-AzStorageAccountNameAvailability</S>
                <S>Get-AzStorageAccountNetworkRuleSet</S>
                <S>Get-AzStorageBlob</S>
                <S>Get-AzStorageBlobByTag</S>
                <S>Get-AzStorageBlobContent</S>
                <S>Get-AzStorageBlobCopyState</S>
                <S>Get-AzStorageBlobInventoryPolicy</S>
                <S>Get-AzStorageBlobQueryResult</S>
                <S>Get-AzStorageBlobServiceProperty</S>
                <S>Get-AzStorageBlobTag</S>
                <S>Get-AzStorageContainer</S>
                <S>Get-AzStorageContainerStoredAccessPolicy</S>
                <S>Get-AzStorageCORSRule</S>
                <S>Get-AzStorageEncryptionScope</S>
                <S>Get-AzStorageFile</S>
                <S>Get-AzStorageFileContent</S>
                <S>Get-AzStorageFileCopyState</S>
                <S>Get-AzStorageFileHandle</S>
                <S>Get-AzStorageFileServiceProperty</S>
                <S>Get-AzStorageLocalUser</S>
                <S>Get-AzStorageLocalUserKey</S>
                <S>Get-AzStorageObjectReplicationPolicy</S>
                <S>Get-AzStorageQueue</S>
                <S>Get-AzStorageQueueStoredAccessPolicy</S>
                <S>Get-AzStorageServiceLoggingProperty</S>
                <S>Get-AzStorageServiceMetricsProperty</S>
                <S>Get-AzStorageServiceProperty</S>
                <S>Get-AzStorageShare</S>
                <S>Get-AzStorageShareStoredAccessPolicy</S>
                <S>Get-AzStorageTable</S>
                <S>Get-AzStorageTableStoredAccessPolicy</S>
                <S>Get-AzStorageUsage</S>
                <S>Invoke-AzRmStorageContainerImmutableStorageWithVersioningMigration</S>
                <S>Invoke-AzStorageAccountFailover</S>
                <S>Invoke-AzStorageAccountHierarchicalNamespaceUpgrade</S>
                <S>Lock-AzRmStorageContainerImmutabilityPolicy</S>
                <S>Move-AzDataLakeGen2Item</S>
                <S>New-AzDataLakeGen2Item</S>
                <S>New-AzDataLakeGen2SasToken</S>
                <S>New-AzRmStorageContainer</S>
                <S>New-AzRmStorageShare</S>
                <S>New-AzStorageAccount</S>
                <S>New-AzStorageAccountKey</S>
                <S>New-AzStorageAccountManagementPolicyBlobIndexMatchObject</S>
                <S>New-AzStorageAccountManagementPolicyFilter</S>
                <S>New-AzStorageAccountManagementPolicyRule</S>
                <S>New-AzStorageAccountSASToken</S>
                <S>New-AzStorageBlobInventoryPolicyRule</S>
                <S>New-AzStorageBlobQueryConfig</S>
                <S>New-AzStorageBlobRangeToRestore</S>
                <S>New-AzStorageBlobSASToken</S>
                <S>New-AzStorageContainer</S>
                <S>New-AzStorageContainerSASToken</S>
                <S>New-AzStorageContainerStoredAccessPolicy</S>
                <S>New-AzStorageContext</S>
                <S>New-AzStorageDirectory</S>
                <S>New-AzStorageEncryptionScope</S>
                <S>New-AzStorageFileSASToken</S>
                <S>New-AzStorageLocalUserPermissionScope</S>
                <S>New-AzStorageLocalUserSshPassword</S>
                <S>New-AzStorageLocalUserSshPublicKey</S>
                <S>New-AzStorageObjectReplicationPolicyRule</S>
                <S>New-AzStorageQueue</S>
                <S>New-AzStorageQueueSASToken</S>
                <S>New-AzStorageQueueStoredAccessPolicy</S>
                <S>New-AzStorageShare</S>
                <S>New-AzStorageShareSASToken</S>
                <S>New-AzStorageShareStoredAccessPolicy</S>
                <S>New-AzStorageTable</S>
                <S>New-AzStorageTableSASToken</S>
                <S>New-AzStorageTableStoredAccessPolicy</S>
                <S>Remove-AzDataLakeGen2AclRecursive</S>
                <S>Remove-AzDataLakeGen2Item</S>
                <S>Remove-AzRmStorageContainer</S>
                <S>Remove-AzRmStorageContainerImmutabilityPolicy</S>
                <S>Remove-AzRmStorageContainerLegalHold</S>
                <S>Remove-AzRmStorageShare</S>
                <S>Remove-AzStorageAccount</S>
                <S>Remove-AzStorageAccountManagementPolicy</S>
                <S>Remove-AzStorageAccountNetworkRule</S>
                <S>Remove-AzStorageBlob</S>
                <S>Remove-AzStorageBlobImmutabilityPolicy</S>
                <S>Remove-AzStorageBlobInventoryPolicy</S>
                <S>Remove-AzStorageContainer</S>
                <S>Remove-AzStorageContainerStoredAccessPolicy</S>
                <S>Remove-AzStorageCORSRule</S>
                <S>Remove-AzStorageDirectory</S>
                <S>Remove-AzStorageFile</S>
                <S>Remove-AzStorageLocalUser</S>
                <S>Remove-AzStorageObjectReplicationPolicy</S>
                <S>Remove-AzStorageQueue</S>
                <S>Remove-AzStorageQueueStoredAccessPolicy</S>
                <S>Remove-AzStorageShare</S>
                <S>Remove-AzStorageShareStoredAccessPolicy</S>
                <S>Remove-AzStorageTable</S>
                <S>Remove-AzStorageTableStoredAccessPolicy</S>
                <S>Rename-AzStorageDirectory</S>
                <S>Rename-AzStorageFile</S>
                <S>Restore-AzDataLakeGen2DeletedItem</S>
                <S>Restore-AzRmStorageShare</S>
                <S>Restore-AzStorageBlobRange</S>
                <S>Restore-AzStorageContainer</S>
                <S>Revoke-AzStorageAccountUserDelegationKeys</S>
                <S>Set-AzCurrentStorageAccount</S>
                <S>Set-AzDataLakeGen2AclRecursive</S>
                <S>Set-AzDataLakeGen2ItemAclObject</S>
                <S>Set-AzRmStorageContainerImmutabilityPolicy</S>
                <S>Set-AzStorageAccount</S>
                <S>Set-AzStorageAccountManagementPolicy</S>
                <S>Set-AzStorageBlobContent</S>
                <S>Set-AzStorageBlobImmutabilityPolicy</S>
                <S>Set-AzStorageBlobInventoryPolicy</S>
                <S>Set-AzStorageBlobLegalHold</S>
                <S>Set-AzStorageBlobTag</S>
                <S>Set-AzStorageContainerAcl</S>
                <S>Set-AzStorageContainerStoredAccessPolicy</S>
                <S>Set-AzStorageCORSRule</S>
                <S>Set-AzStorageFileContent</S>
                <S>Set-AzStorageLocalUser</S>
                <S>Set-AzStorageObjectReplicationPolicy</S>
                <S>Set-AzStorageQueueStoredAccessPolicy</S>
                <S>Set-AzStorageServiceLoggingProperty</S>
                <S>Set-AzStorageServiceMetricsProperty</S>
                <S>Set-AzStorageShareQuota</S>
                <S>Set-AzStorageShareStoredAccessPolicy</S>
                <S>Set-AzStorageTableStoredAccessPolicy</S>
                <S>Start-AzStorageBlobCopy</S>
                <S>Start-AzStorageBlobIncrementalCopy</S>
                <S>Start-AzStorageFileCopy</S>
                <S>Stop-AzStorageAccountHierarchicalNamespaceUpgrade</S>
                <S>Stop-AzStorageBlobCopy</S>
                <S>Stop-AzStorageFileCopy</S>
                <S>Update-AzDataLakeGen2AclRecursive</S>
                <S>Update-AzDataLakeGen2Item</S>
                <S>Update-AzRmStorageContainer</S>
                <S>Update-AzRmStorageShare</S>
                <S>Update-AzStorageAccountNetworkRuleSet</S>
                <S>Update-AzStorageBlobServiceProperty</S>
                <S>Update-AzStorageEncryptionScope</S>
                <S>Update-AzStorageFileServiceProperty</S>
                <S>Update-AzStorageServiceProperty</S>
              </LST>
            </Obj>
          </En>
          <En>
            <S N="Key">Command</S>
            <Obj N="Value" RefId="5">
              <TNRef RefId="1" />
              <LST>
                <S>Add-AzRmStorageContainerLegalHold</S>
                <S>Add-AzStorageAccountManagementPolicyAction</S>
                <S>Add-AzStorageAccountNetworkRule</S>
                <S>Close-AzStorageFileHandle</S>
                <S>Copy-AzStorageBlob</S>
                <S>Disable-AzStorageBlobDeleteRetentionPolicy</S>
                <S>Disable-AzStorageBlobLastAccessTimeTracking</S>
                <S>Disable-AzStorageBlobRestorePolicy</S>
                <S>Disable-AzStorageContainerDeleteRetentionPolicy</S>
                <S>Disable-AzStorageDeleteRetentionPolicy</S>
                <S>Disable-AzStorageStaticWebsite</S>
                <S>Enable-AzStorageBlobDeleteRetentionPolicy</S>
                <S>Enable-AzStorageBlobLastAccessTimeTracking</S>
                <S>Enable-AzStorageBlobRestorePolicy</S>
                <S>Enable-AzStorageContainerDeleteRetentionPolicy</S>
                <S>Enable-AzStorageDeleteRetentionPolicy</S>
                <S>Enable-AzStorageStaticWebsite</S>
                <S>Get-AzDataLakeGen2ChildItem</S>
                <S>Get-AzDataLakeGen2DeletedItem</S>
                <S>Get-AzDataLakeGen2Item</S>
                <S>Get-AzDataLakeGen2ItemContent</S>
                <S>Get-AzRmStorageContainer</S>
                <S>Get-AzRmStorageContainerImmutabilityPolicy</S>
                <S>Get-AzRmStorageShare</S>
                <S>Get-AzStorageAccount</S>
                <S>Get-AzStorageAccountKey</S>
                <S>Get-AzStorageAccountManagementPolicy</S>
                <S>Get-AzStorageAccountNameAvailability</S>
                <S>Get-AzStorageAccountNetworkRuleSet</S>
                <S>Get-AzStorageBlob</S>
                <S>Get-AzStorageBlobByTag</S>
                <S>Get-AzStorageBlobContent</S>
                <S>Get-AzStorageBlobCopyState</S>
                <S>Get-AzStorageBlobInventoryPolicy</S>
                <S>Get-AzStorageBlobQueryResult</S>
                <S>Get-AzStorageBlobServiceProperty</S>
                <S>Get-AzStorageBlobTag</S>
                <S>Get-AzStorageContainer</S>
                <S>Get-AzStorageContainerStoredAccessPolicy</S>
                <S>Get-AzStorageCORSRule</S>
                <S>Get-AzStorageEncryptionScope</S>
                <S>Get-AzStorageFile</S>
                <S>Get-AzStorageFileContent</S>
                <S>Get-AzStorageFileCopyState</S>
                <S>Get-AzStorageFileHandle</S>
                <S>Get-AzStorageFileServiceProperty</S>
                <S>Get-AzStorageLocalUser</S>
                <S>Get-AzStorageLocalUserKey</S>
                <S>Get-AzStorageObjectReplicationPolicy</S>
                <S>Get-AzStorageQueue</S>
                <S>Get-AzStorageQueueStoredAccessPolicy</S>
                <S>Get-AzStorageServiceLoggingProperty</S>
                <S>Get-AzStorageServiceMetricsProperty</S>
                <S>Get-AzStorageServiceProperty</S>
                <S>Get-AzStorageShare</S>
                <S>Get-AzStorageShareStoredAccessPolicy</S>
                <S>Get-AzStorageTable</S>
                <S>Get-AzStorageTableStoredAccessPolicy</S>
                <S>Get-AzStorageUsage</S>
                <S>Invoke-AzRmStorageContainerImmutableStorageWithVersioningMigration</S>
                <S>Invoke-AzStorageAccountFailover</S>
                <S>Invoke-AzStorageAccountHierarchicalNamespaceUpgrade</S>
                <S>Lock-AzRmStorageContainerImmutabilityPolicy</S>
                <S>Move-AzDataLakeGen2Item</S>
                <S>New-AzDataLakeGen2Item</S>
                <S>New-AzDataLakeGen2SasToken</S>
                <S>New-AzRmStorageContainer</S>
                <S>New-AzRmStorageShare</S>
                <S>New-AzStorageAccount</S>
                <S>New-AzStorageAccountKey</S>
                <S>New-AzStorageAccountManagementPolicyBlobIndexMatchObject</S>
                <S>New-AzStorageAccountManagementPolicyFilter</S>
                <S>New-AzStorageAccountManagementPolicyRule</S>
                <S>New-AzStorageAccountSASToken</S>
                <S>New-AzStorageBlobInventoryPolicyRule</S>
                <S>New-AzStorageBlobQueryConfig</S>
                <S>New-AzStorageBlobRangeToRestore</S>
                <S>New-AzStorageBlobSASToken</S>
                <S>New-AzStorageContainer</S>
                <S>New-AzStorageContainerSASToken</S>
                <S>New-AzStorageContainerStoredAccessPolicy</S>
                <S>New-AzStorageContext</S>
                <S>New-AzStorageDirectory</S>
                <S>New-AzStorageEncryptionScope</S>
                <S>New-AzStorageFileSASToken</S>
                <S>New-AzStorageLocalUserPermissionScope</S>
                <S>New-AzStorageLocalUserSshPassword</S>
                <S>New-AzStorageLocalUserSshPublicKey</S>
                <S>New-AzStorageObjectReplicationPolicyRule</S>
                <S>New-AzStorageQueue</S>
                <S>New-AzStorageQueueSASToken</S>
                <S>New-AzStorageQueueStoredAccessPolicy</S>
                <S>New-AzStorageShare</S>
                <S>New-AzStorageShareSASToken</S>
                <S>New-AzStorageShareStoredAccessPolicy</S>
                <S>New-AzStorageTable</S>
                <S>New-AzStorageTableSASToken</S>
                <S>New-AzStorageTableStoredAccessPolicy</S>
                <S>Remove-AzDataLakeGen2AclRecursive</S>
                <S>Remove-AzDataLakeGen2Item</S>
                <S>Remove-AzRmStorageContainer</S>
                <S>Remove-AzRmStorageContainerImmutabilityPolicy</S>
                <S>Remove-AzRmStorageContainerLegalHold</S>
                <S>Remove-AzRmStorageShare</S>
                <S>Remove-AzStorageAccount</S>
                <S>Remove-AzStorageAccountManagementPolicy</S>
                <S>Remove-AzStorageAccountNetworkRule</S>
                <S>Remove-AzStorageBlob</S>
                <S>Remove-AzStorageBlobImmutabilityPolicy</S>
                <S>Remove-AzStorageBlobInventoryPolicy</S>
                <S>Remove-AzStorageContainer</S>
                <S>Remove-AzStorageContainerStoredAccessPolicy</S>
                <S>Remove-AzStorageCORSRule</S>
                <S>Remove-AzStorageDirectory</S>
                <S>Remove-AzStorageFile</S>
                <S>Remove-AzStorageLocalUser</S>
                <S>Remove-AzStorageObjectReplicationPolicy</S>
                <S>Remove-AzStorageQueue</S>
                <S>Remove-AzStorageQueueStoredAccessPolicy</S>
                <S>Remove-AzStorageShare</S>
                <S>Remove-AzStorageShareStoredAccessPolicy</S>
                <S>Remove-AzStorageTable</S>
                <S>Remove-AzStorageTableStoredAccessPolicy</S>
                <S>Rename-AzStorageDirectory</S>
                <S>Rename-AzStorageFile</S>
                <S>Restore-AzDataLakeGen2DeletedItem</S>
                <S>Restore-AzRmStorageShare</S>
                <S>Restore-AzStorageBlobRange</S>
                <S>Restore-AzStorageContainer</S>
                <S>Revoke-AzStorageAccountUserDelegationKeys</S>
                <S>Set-AzCurrentStorageAccount</S>
                <S>Set-AzDataLakeGen2AclRecursive</S>
                <S>Set-AzDataLakeGen2ItemAclObject</S>
                <S>Set-AzRmStorageContainerImmutabilityPolicy</S>
                <S>Set-AzStorageAccount</S>
                <S>Set-AzStorageAccountManagementPolicy</S>
                <S>Set-AzStorageBlobContent</S>
                <S>Set-AzStorageBlobImmutabilityPolicy</S>
                <S>Set-AzStorageBlobInventoryPolicy</S>
                <S>Set-AzStorageBlobLegalHold</S>
                <S>Set-AzStorageBlobTag</S>
                <S>Set-AzStorageContainerAcl</S>
                <S>Set-AzStorageContainerStoredAccessPolicy</S>
                <S>Set-AzStorageCORSRule</S>
                <S>Set-AzStorageFileContent</S>
                <S>Set-AzStorageLocalUser</S>
                <S>Set-AzStorageObjectReplicationPolicy</S>
                <S>Set-AzStorageQueueStoredAccessPolicy</S>
                <S>Set-AzStorageServiceLoggingProperty</S>
                <S>Set-AzStorageServiceMetricsProperty</S>
                <S>Set-AzStorageShareQuota</S>
                <S>Set-AzStorageShareStoredAccessPolicy</S>
                <S>Set-AzStorageTableStoredAccessPolicy</S>
                <S>Start-AzStorageBlobCopy</S>
                <S>Start-AzStorageBlobIncrementalCopy</S>
                <S>Start-AzStorageFileCopy</S>
                <S>Stop-AzStorageAccountHierarchicalNamespaceUpgrade</S>
                <S>Stop-AzStorageBlobCopy</S>
                <S>Stop-AzStorageFileCopy</S>
                <S>Update-AzDataLakeGen2AclRecursive</S>
                <S>Update-AzDataLakeGen2Item</S>
                <S>Update-AzRmStorageContainer</S>
                <S>Update-AzRmStorageShare</S>
                <S>Update-AzStorageAccountNetworkRuleSet</S>
                <S>Update-AzStorageBlobServiceProperty</S>
                <S>Update-AzStorageEncryptionScope</S>
                <S>Update-AzStorageFileServiceProperty</S>
                <S>Update-AzStorageServiceProperty</S>
                <S>Get-AzStorageAccountMigration</S>
                <S>Start-AzStorageAccountMigration</S>
              </LST>
            </Obj>
          </En>
          <En>
            <S N="Key">DscResource</S>
            <Ref N="Value" RefId="3" />
          </En>
          <En>
            <S N="Key">Function</S>
            <Obj N="Value" RefId="6">
              <TNRef RefId="1" />
              <LST>
                <S>Get-AzStorageAccountMigration</S>
                <S>Start-AzStorageAccountMigration</S>
              </LST>
            </Obj>
          </En>
          <En>
            <S N="Key">Workflow</S>
            <Ref N="Value" RefId="3" />
          </En>
        </DCT>
      </Obj>
      <Nil N="PowerShellGetFormatVersion" />
      <S N="ReleaseNotes">* Introduced secrets detection feature to safeguard sensitive data._x000D__x000A_* Fixed object replication policy time format parsing issue [#24434]_x000D__x000A_* Updated download offset and content length calculation logic for downloading files _x000D__x000A_    - 'Get-AzStorageFileContent'</S>
      <Obj N="Dependencies" RefId="7">
        <TNRef RefId="1" />
        <LST>
          <Obj RefId="8">
            <TN RefId="3">
              <T>System.Collections.Specialized.OrderedDictionary</T>
              <T>System.Object</T>
            </TN>
            <DCT>
              <En>
                <S N="Key">Name</S>
                <S N="Value">Az.Accounts</S>
              </En>
              <En>
                <S N="Key">MinimumVersion</S>
                <S N="Value">2.19.0</S>
              </En>
              <En>
                <S N="Key">CanonicalId</S>
                <S N="Value">nuget:Az.Accounts/2.19.0</S>
              </En>
            </DCT>
          </Obj>
        </LST>
      </Obj>
      <S N="RepositorySourceLocation">https://www.powershellgallery.com/api/v2</S>
      <S N="Repository">PSGallery</S>
      <S N="PackageManagementProvider">NuGet</S>
      <Obj N="AdditionalMetadata" RefId="9">
        <TN RefId="4">
          <T>System.Management.Automation.PSCustomObject</T>
          <T>System.Object</T>
        </TN>
        <MS>
          <S N="copyright">Microsoft Corporation. All rights reserved.</S>
          <S N="description">Microsoft Azure PowerShell - Storage service data plane and management cmdlets for Azure Resource Manager in Windows PowerShell and PowerShell Core.  Creates and manages storage accounts in Azure Resource Manager._x000D__x000A__x000D__x000A_For more information on Storage, please visit the following: https://learn.microsoft.com/azure/storage/</S>
          <S N="requireLicenseAcceptance">True</S>
          <S N="releaseNotes">* Introduced secrets detection feature to safeguard sensitive data._x000D__x000A_* Fixed object replication policy time format parsing issue [#24434]_x000D__x000A_* Updated download offset and content length calculation logic for downloading files _x000D__x000A_    - 'Get-AzStorageFileContent'</S>
          <S N="isLatestVersion">True</S>
          <S N="isAbsoluteLatestVersion">True</S>
          <S N="versionDownloadCount">798288</S>
          <S N="downloadCount">108395456</S>
          <S N="packageSize">5292883</S>
          <S N="published">4/30/2024 2:21:06 AM -04:00</S>
          <S N="created">4/30/2024 2:21:06 AM -04:00</S>
          <S N="lastUpdated">5/3/2024 11:57:47 PM -04:00</S>
          <S N="tags">Azure ResourceManager ARM Storage StorageAccount PSModule PSEdition_Core PSEdition_Desktop PSCmdlet_Add-AzRmStorageContainerLegalHold PSCommand_Add-AzRmStorageContainerLegalHold PSCmdlet_Add-AzStorageAccountManagementPolicyAction PSCommand_Add-AzStorageAccountManagementPolicyAction PSCmdlet_Add-AzStorageAccountNetworkRule PSCommand_Add-AzStorageAccountNetworkRule PSCmdlet_Close-AzStorageFileHandle PSCommand_Close-AzStorageFileHandle PSCmdlet_Copy-AzStorageBlob PSCommand_Copy-AzStorageBlob PSCmdlet_Disable-AzStorageBlobDeleteRetentionPolicy PSCommand_Disable-AzStorageBlobDeleteRetentionPolicy PSCmdlet_Disable-AzStorageBlobLastAccessTimeTracking PSCommand_Disable-AzStorageBlobLastAccessTimeTracking PSCmdlet_Disable-AzStorageBlobRestorePolicy PSCommand_Disable-AzStorageBlobRestorePolicy PSCmdlet_Disable-AzStorageContainerDeleteRetentionPolicy PSCommand_Disable-AzStorageContainerDeleteRetentionPolicy PSCmdlet_Disable-AzStorageDeleteRetentionPolicy PSCommand_Disable-AzStorageDeleteRetentionPolicy PSCmdlet_Disable-AzStorageStaticWebsite PSCommand_Disable-AzStorageStaticWebsite PSCmdlet_Enable-AzStorageBlobDeleteRetentionPolicy PSCommand_Enable-AzStorageBlobDeleteRetentionPolicy PSCmdlet_Enable-AzStorageBlobLastAccessTimeTracking PSCommand_Enable-AzStorageBlobLastAccessTimeTracking PSCmdlet_Enable-AzStorageBlobRestorePolicy PSCommand_Enable-AzStorageBlobRestorePolicy PSCmdlet_Enable-AzStorageContainerDeleteRetentionPolicy PSCommand_Enable-AzStorageContainerDeleteRetentionPolicy PSCmdlet_Enable-AzStorageDeleteRetentionPolicy PSCommand_Enable-AzStorageDeleteRetentionPolicy PSCmdlet_Enable-AzStorageStaticWebsite PSCommand_Enable-AzStorageStaticWebsite PSCmdlet_Get-AzDataLakeGen2ChildItem PSCommand_Get-AzDataLakeGen2ChildItem PSCmdlet_Get-AzDataLakeGen2DeletedItem PSCommand_Get-AzDataLakeGen2DeletedItem PSCmdlet_Get-AzDataLakeGen2Item PSCommand_Get-AzDataLakeGen2Item PSCmdlet_Get-AzDataLakeGen2ItemContent PSCommand_Get-AzDataLakeGen2ItemContent PSCmdlet_Get-AzRmStorageContainer PSCommand_Get-AzRmStorageContainer PSCmdlet_Get-AzRmStorageContainerImmutabilityPolicy PSCommand_Get-AzRmStorageContainerImmutabilityPolicy PSCmdlet_Get-AzRmStorageShare PSCommand_Get-AzRmStorageShare PSCmdlet_Get-AzStorageAccount PSCommand_Get-AzStorageAccount PSCmdlet_Get-AzStorageAccountKey PSCommand_Get-AzStorageAccountKey PSCmdlet_Get-AzStorageAccountManagementPolicy PSCommand_Get-AzStorageAccountManagementPolicy PSCmdlet_Get-AzStorageAccountNameAvailability PSCommand_Get-AzStorageAccountNameAvailability PSCmdlet_Get-AzStorageAccountNetworkRuleSet PSCommand_Get-AzStorageAccountNetworkRuleSet PSCmdlet_Get-AzStorageBlob PSCommand_Get-AzStorageBlob PSCmdlet_Get-AzStorageBlobByTag PSCommand_Get-AzStorageBlobByTag PSCmdlet_Get-AzStorageBlobContent PSCommand_Get-AzStorageBlobContent PSCmdlet_Get-AzStorageBlobCopyState PSCommand_Get-AzStorageBlobCopyState PSCmdlet_Get-AzStorageBlobInventoryPolicy PSCommand_Get-AzStorageBlobInventoryPolicy PSCmdlet_Get-AzStorageBlobQueryResult PSCommand_Get-AzStorageBlobQueryResult PSCmdlet_Get-AzStorageBlobServiceProperty PSCommand_Get-AzStorageBlobServiceProperty PSCmdlet_Get-AzStorageBlobTag PSCommand_Get-AzStorageBlobTag PSCmdlet_Get-AzStorageContainer PSCommand_Get-AzStorageContainer PSCmdlet_Get-AzStorageContainerStoredAccessPolicy PSCommand_Get-AzStorageContainerStoredAccessPolicy PSCmdlet_Get-AzStorageCORSRule PSCommand_Get-AzStorageCORSRule PSCmdlet_Get-AzStorageEncryptionScope PSCommand_Get-AzStorageEncryptionScope PSCmdlet_Get-AzStorageFile PSCommand_Get-AzStorageFile PSCmdlet_Get-AzStorageFileContent PSCommand_Get-AzStorageFileContent PSCmdlet_Get-AzStorageFileCopyState PSCommand_Get-AzStorageFileCopyState PSCmdlet_Get-AzStorageFileHandle PSCommand_Get-AzStorageFileHandle PSCmdlet_Get-AzStorageFileServiceProperty PSCommand_Get-AzStorageFileServiceProperty PSCmdlet_Get-AzStorageLocalUser PSCommand_Get-AzStorageLocalUser PSCmdlet_Get-AzStorageLocalUserKey PSCommand_Get-AzStorageLocalUserKey PSCmdlet_Get-AzStorageObjectReplicationPolicy PSCommand_Get-AzStorageObjectReplicationPolicy PSCmdlet_Get-AzStorageQueue PSCommand_Get-AzStorageQueue PSCmdlet_Get-AzStorageQueueStoredAccessPolicy PSCommand_Get-AzStorageQueueStoredAccessPolicy PSCmdlet_Get-AzStorageServiceLoggingProperty PSCommand_Get-AzStorageServiceLoggingProperty PSCmdlet_Get-AzStorageServiceMetricsProperty PSCommand_Get-AzStorageServiceMetricsProperty PSCmdlet_Get-AzStorageServiceProperty PSCommand_Get-AzStorageServiceProperty PSCmdlet_Get-AzStorageShare PSCommand_Get-AzStorageShare PSCmdlet_Get-AzStorageShareStoredAccessPolicy PSCommand_Get-AzStorageShareStoredAccessPolicy PSCmdlet_Get-AzStorageTable PSCommand_Get-AzStorageTable PSCmdlet_Get-AzStorageTableStoredAccessPolicy PSCommand_Get-AzStorageTableStoredAccessPolicy PSCmdlet_Get-AzStorageUsage PSCommand_Get-AzStorageUsage PSCmdlet_Invoke-AzRmStorageContainerImmutableStorageWithVersioningMigration PSCommand_Invoke-AzRmStorageContainerImmutableStorageWithVersioningMigration PSCmdlet_Invoke-AzStorageAccountFailover PSCommand_Invoke-AzStorageAccountFailover PSCmdlet_Invoke-AzStorageAccountHierarchicalNamespaceUpgrade PSCommand_Invoke-AzStorageAccountHierarchicalNamespaceUpgrade PSCmdlet_Lock-AzRmStorageContainerImmutabilityPolicy PSCommand_Lock-AzRmStorageContainerImmutabilityPolicy PSCmdlet_Move-AzDataLakeGen2Item PSCommand_Move-AzDataLakeGen2Item PSCmdlet_New-AzDataLakeGen2Item PSCommand_New-AzDataLakeGen2Item PSCmdlet_New-AzDataLakeGen2SasToken PSCommand_New-AzDataLakeGen2SasToken PSCmdlet_New-AzRmStorageContainer PSCommand_New-AzRmStorageContainer PSCmdlet_New-AzRmStorageShare PSCommand_New-AzRmStorageShare PSCmdlet_New-AzStorageAccount PSCommand_New-AzStorageAccount PSCmdlet_New-AzStorageAccountKey PSCommand_New-AzStorageAccountKey PSCmdlet_New-AzStorageAccountManagementPolicyBlobIndexMatchObject PSCommand_New-AzStorageAccountManagementPolicyBlobIndexMatchObject PSCmdlet_New-AzStorageAccountManagementPolicyFilter PSCommand_New-AzStorageAccountManagementPolicyFilter PSCmdlet_New-AzStorageAccountManagementPolicyRule PSCommand_New-AzStorageAccountManagementPolicyRule PSCmdlet_New-AzStorageAccountSASToken PSCommand_New-AzStorageAccountSASToken PSCmdlet_New-AzStorageBlobInventoryPolicyRule PSCommand_New-AzStorageBlobInventoryPolicyRule PSCmdlet_New-AzStorageBlobQueryConfig PSCommand_New-AzStorageBlobQueryConfig PSCmdlet_New-AzStorageBlobRangeToRestore PSCommand_New-AzStorageBlobRangeToRestore PSCmdlet_New-AzStorageBlobSASToken PSCommand_New-AzStorageBlobSASToken PSCmdlet_New-AzStorageContainer PSCommand_New-AzStorageContainer PSCmdlet_New-AzStorageContainerSASToken PSCommand_New-AzStorageContainerSASToken PSCmdlet_New-AzStorageContainerStoredAccessPolicy PSCommand_New-AzStorageContainerStoredAccessPolicy PSCmdlet_New-AzStorageContext PSCommand_New-AzStorageContext PSCmdlet_New-AzStorageDirectory PSCommand_New-AzStorageDirectory PSCmdlet_New-AzStorageEncryptionScope PSCommand_New-AzStorageEncryptionScope PSCmdlet_New-AzStorageFileSASToken PSCommand_New-AzStorageFileSASToken PSCmdlet_New-AzStorageLocalUserPermissionScope PSCommand_New-AzStorageLocalUserPermissionScope PSCmdlet_New-AzStorageLocalUserSshPassword PSCommand_New-AzStorageLocalUserSshPassword PSCmdlet_New-AzStorageLocalUserSshPublicKey PSCommand_New-AzStorageLocalUserSshPublicKey PSCmdlet_New-AzStorageObjectReplicationPolicyRule PSCommand_New-AzStorageObjectReplicationPolicyRule PSCmdlet_New-AzStorageQueue PSCommand_New-AzStorageQueue PSCmdlet_New-AzStorageQueueSASToken PSCommand_New-AzStorageQueueSASToken PSCmdlet_New-AzStorageQueueStoredAccessPolicy PSCommand_New-AzStorageQueueStoredAccessPolicy PSCmdlet_New-AzStorageShare PSCommand_New-AzStorageShare PSCmdlet_New-AzStorageShareSASToken PSCommand_New-AzStorageShareSASToken PSCmdlet_New-AzStorageShareStoredAccessPolicy PSCommand_New-AzStorageShareStoredAccessPolicy PSCmdlet_New-AzStorageTable PSCommand_New-AzStorageTable PSCmdlet_New-AzStorageTableSASToken PSCommand_New-AzStorageTableSASToken PSCmdlet_New-AzStorageTableStoredAccessPolicy PSCommand_New-AzStorageTableStoredAccessPolicy PSCmdlet_Remove-AzDataLakeGen2AclRecursive PSCommand_Remove-AzDataLakeGen2AclRecursive PSCmdlet_Remove-AzDataLakeGen2Item PSCommand_Remove-AzDataLakeGen2Item PSCmdlet_Remove-AzRmStorageContainer PSCommand_Remove-AzRmStorageContainer PSCmdlet_Remove-AzRmStorageContainerImmutabilityPolicy PSCommand_Remove-AzRmStorageContainerImmutabilityPolicy PSCmdlet_Remove-AzRmStorageContainerLegalHold PSCommand_Remove-AzRmStorageContainerLegalHold PSCmdlet_Remove-AzRmStorageShare PSCommand_Remove-AzRmStorageShare PSCmdlet_Remove-AzStorageAccount PSCommand_Remove-AzStorageAccount PSCmdlet_Remove-AzStorageAccountManagementPolicy PSCommand_Remove-AzStorageAccountManagementPolicy PSCmdlet_Remove-AzStorageAccountNetworkRule PSCommand_Remove-AzStorageAccountNetworkRule PSCmdlet_Remove-AzStorageBlob PSCommand_Remove-AzStorageBlob PSCmdlet_Remove-AzStorageBlobImmutabilityPolicy PSCommand_Remove-AzStorageBlobImmutabilityPolicy PSCmdlet_Remove-AzStorageBlobInventoryPolicy PSCommand_Remove-AzStorageBlobInventoryPolicy PSCmdlet_Remove-AzStorageContainer PSCommand_Remove-AzStorageContainer PSCmdlet_Remove-AzStorageContainerStoredAccessPolicy PSCommand_Remove-AzStorageContainerStoredAccessPolicy PSCmdlet_Remove-AzStorageCORSRule PSCommand_Remove-AzStorageCORSRule PSCmdlet_Remove-AzStorageDirectory PSCommand_Remove-AzStorageDirectory PSCmdlet_Remove-AzStorageFile PSCommand_Remove-AzStorageFile PSCmdlet_Remove-AzStorageLocalUser PSCommand_Remove-AzStorageLocalUser PSCmdlet_Remove-AzStorageObjectReplicationPolicy PSCommand_Remove-AzStorageObjectReplicationPolicy PSCmdlet_Remove-AzStorageQueue PSCommand_Remove-AzStorageQueue PSCmdlet_Remove-AzStorageQueueStoredAccessPolicy PSCommand_Remove-AzStorageQueueStoredAccessPolicy PSCmdlet_Remove-AzStorageShare PSCommand_Remove-AzStorageShare PSCmdlet_Remove-AzStorageShareStoredAccessPolicy PSCommand_Remove-AzStorageShareStoredAccessPolicy PSCmdlet_Remove-AzStorageTable PSCommand_Remove-AzStorageTable PSCmdlet_Remove-AzStorageTableStoredAccessPolicy PSCommand_Remove-AzStorageTableStoredAccessPolicy PSCmdlet_Rename-AzStorageDirectory PSCommand_Rename-AzStorageDirectory PSCmdlet_Rename-AzStorageFile PSCommand_Rename-AzStorageFile PSCmdlet_Restore-AzDataLakeGen2DeletedItem PSCommand_Restore-AzDataLakeGen2DeletedItem PSCmdlet_Restore-AzRmStorageShare PSCommand_Restore-AzRmStorageShare PSCmdlet_Restore-AzStorageBlobRange PSCommand_Restore-AzStorageBlobRange PSCmdlet_Restore-AzStorageContainer PSCommand_Restore-AzStorageContainer PSCmdlet_Revoke-AzStorageAccountUserDelegationKeys PSCommand_Revoke-AzStorageAccountUserDelegationKeys PSCmdlet_Set-AzCurrentStorageAccount PSCommand_Set-AzCurrentStorageAccount PSCmdlet_Set-AzDataLakeGen2AclRecursive PSCommand_Set-AzDataLakeGen2AclRecursive PSCmdlet_Set-AzDataLakeGen2ItemAclObject PSCommand_Set-AzDataLakeGen2ItemAclObject PSCmdlet_Set-AzRmStorageContainerImmutabilityPolicy PSCommand_Set-AzRmStorageContainerImmutabilityPolicy PSCmdlet_Set-AzStorageAccount PSCommand_Set-AzStorageAccount PSCmdlet_Set-AzStorageAccountManagementPolicy PSCommand_Set-AzStorageAccountManagementPolicy PSCmdlet_Set-AzStorageBlobContent PSCommand_Set-AzStorageBlobContent PSCmdlet_Set-AzStorageBlobImmutabilityPolicy PSCommand_Set-AzStorageBlobImmutabilityPolicy PSCmdlet_Set-AzStorageBlobInventoryPolicy PSCommand_Set-AzStorageBlobInventoryPolicy PSCmdlet_Set-AzStorageBlobLegalHold PSCommand_Set-AzStorageBlobLegalHold PSCmdlet_Set-AzStorageBlobTag PSCommand_Set-AzStorageBlobTag PSCmdlet_Set-AzStorageContainerAcl PSCommand_Set-AzStorageContainerAcl PSCmdlet_Set-AzStorageContainerStoredAccessPolicy PSCommand_Set-AzStorageContainerStoredAccessPolicy PSCmdlet_Set-AzStorageCORSRule PSCommand_Set-AzStorageCORSRule PSCmdlet_Set-AzStorageFileContent PSCommand_Set-AzStorageFileContent PSCmdlet_Set-AzStorageLocalUser PSCommand_Set-AzStorageLocalUser PSCmdlet_Set-AzStorageObjectReplicationPolicy PSCommand_Set-AzStorageObjectReplicationPolicy PSCmdlet_Set-AzStorageQueueStoredAccessPolicy PSCommand_Set-AzStorageQueueStoredAccessPolicy PSCmdlet_Set-AzStorageServiceLoggingProperty PSCommand_Set-AzStorageServiceLoggingProperty PSCmdlet_Set-AzStorageServiceMetricsProperty PSCommand_Set-AzStorageServiceMetricsProperty PSCmdlet_Set-AzStorageShareQuota PSCommand_Set-AzStorageShareQuota PSCmdlet_Set-AzStorageShareStoredAccessPolicy PSCommand_Set-AzStorageShareStoredAccessPolicy PSCmdlet_Set-AzStorageTableStoredAccessPolicy PSCommand_Set-AzStorageTableStoredAccessPolicy PSCmdlet_Start-AzStorageBlobCopy PSCommand_Start-AzStorageBlobCopy PSCmdlet_Start-AzStorageBlobIncrementalCopy PSCommand_Start-AzStorageBlobIncrementalCopy PSCmdlet_Start-AzStorageFileCopy PSCommand_Start-AzStorageFileCopy PSCmdlet_Stop-AzStorageAccountHierarchicalNamespaceUpgrade PSCommand_Stop-AzStorageAccountHierarchicalNamespaceUpgrade PSCmdlet_Stop-AzStorageBlobCopy PSCommand_Stop-AzStorageBlobCopy PSCmdlet_Stop-AzStorageFileCopy PSCommand_Stop-AzStorageFileCopy PSCmdlet_Update-AzDataLakeGen2AclRecursive PSCommand_Update-AzDataLakeGen2AclRecursive PSCmdlet_Update-AzDataLakeGen2Item PSCommand_Update-AzDataLakeGen2Item PSCmdlet_Update-AzRmStorageContainer PSCommand_Update-AzRmStorageContainer PSCmdlet_Update-AzRmStorageShare PSCommand_Update-AzRmStorageShare PSCmdlet_Update-AzStorageAccountNetworkRuleSet PSCommand_Update-AzStorageAccountNetworkRuleSet PSCmdlet_Update-AzStorageBlobServiceProperty PSCommand_Update-AzStorageBlobServiceProperty PSCmdlet_Update-AzStorageEncryptionScope PSCommand_Update-AzStorageEncryptionScope PSCmdlet_Update-AzStorageFileServiceProperty PSCommand_Update-AzStorageFileServiceProperty PSCmdlet_Update-AzStorageServiceProperty PSCommand_Update-AzStorageServiceProperty PSIncludes_Cmdlet PSFunction_Get-AzStorageAccountMigration PSCommand_Get-AzStorageAccountMigration PSFunction_Start-AzStorageAccountMigration PSCommand_Start-AzStorageAccountMigration PSIncludes_Function</S>
          <S N="developmentDependency">False</S>
          <S N="updated">2024-05-03T23:57:47Z</S>
          <S N="NormalizedVersion">6.2.0</S>
          <S N="Authors">Microsoft Corporation</S>
          <S N="IsPrerelease">false</S>
          <S N="ItemType">Module</S>
          <S N="FileList">Az.Storage.nuspec|Microsoft.Azure.Storage.DataMovement.dll|Az.Storage.psd1|Microsoft.Azure.Storage.File.dll|Az.Storage.psm1|Microsoft.Azure.Storage.Queue.dll|Azure.Data.Tables.dll|Microsoft.OData.Core.dll|Azure.Storage.Blobs.dll|Microsoft.OData.Edm.dll|Azure.Storage.Common.dll|Microsoft.Spatial.dll|Azure.Storage.Files.DataLake.dll|Storage.format.ps1xml|Azure.Storage.Files.Shares.dll|Storage.generated.format.ps1xml|Azure.Storage.Queues.dll|Storage.Management.format.ps1xml|Microsoft.Azure.Cosmos.Table.dll|System.IO.Hashing.dll|Microsoft.Azure.DocumentDB.Core.dll|Storage.Autorest\Az.Storage.format.ps1xml|Microsoft.Azure.KeyVault.Core.dll|Storage.Autorest\Az.Storage.psm1|Microsoft.Azure.PowerShell.Cmdlets.Storage.dll|Storage.Autorest\bin\Az.Storage.private.dll|Microsoft.Azure.PowerShell.Cmdlets.Storage.dll-Help.xml|Storage.Autorest\custom\Az.Storage.custom.psm1|Microsoft.Azure.PowerShell.Cmdlets.Storage.Management.dll|Storage.Autorest\exports\ProxyCmdletDefinitions.ps1|Microsoft.Azure.PowerShell.Cmdlets.Storage.Management.dll-Help.xml|Storage.Autorest\internal\Az.Storage.internal.psm1|Microsoft.Azure.PowerShell.Storage.Management.Sdk.dll|Storage.Autorest\internal\ProxyCmdletDefinitions.ps1|Microsoft.Azure.Storage.Blob.dll|Storage.Autorest\utils\Get-SubscriptionIdTestSafe.ps1|Microsoft.Azure.Storage.Common.dll|Storage.Autorest\utils\Unprotect-SecureString.ps1</S>
          <S N="GUID">dfa9e4ea-1407-446d-9111-79122977ab20</S>
          <S N="PowerShellVersion">5.1</S>
          <S N="DotNetFrameworkVersion">4.7.2</S>
          <S N="CompanyName">Microsoft Corporation</S>
        </MS>
      </Obj>
      <S N="InstalledLocation">C:\GitHub\CIPP Workspace\CIPP-API\Modules\Az.Storage\6.2.0</S>
    </MS>
  </Obj>
</Objs>
