<Objs Version="1.1.0.1" xmlns="http://schemas.microsoft.com/powershell/2004/04">
  <Obj RefId="0">
    <TN RefId="0">
      <T>Microsoft.PowerShell.Commands.PSRepositoryItemInfo</T>
      <T>System.Management.Automation.PSCustomObject</T>
      <T>System.Object</T>
    </TN>
    <MS>
      <S N="Name">AzBobbyTables</S>
      <S N="Version">3.1.3</S>
      <S N="Type">Module</S>
      <S N="Description">A module for handling Azure Table Storage operations by wrapping the Azure Data Tables SDK.</S>
      <S N="Author">Emanuel Palm</S>
      <S N="CompanyName">PalmEmanuel</S>
      <S N="Copyright">(c) Emanuel Palm. All rights reserved.</S>
      <DT N="PublishedDate">2024-01-20T16:49:22-05:00</DT>
      <Nil N="InstalledDate" />
      <Nil N="UpdatedDate" />
      <URI N="LicenseUri">https://github.com/PalmEmanuel/AzBobbyTables/blob/main/LICENSE</URI>
      <URI N="ProjectUri">https://github.com/PalmEmanuel/AzBobbyTables</URI>
      <Nil N="IconUri" />
      <Obj N="Tags" RefId="1">
        <TN RefId="1">
          <T>System.Object[]</T>
          <T>System.Array</T>
          <T>System.Object</T>
        </TN>
        <LST>
          <S>azure</S>
          <S>storage</S>
          <S>table</S>
          <S>cosmos</S>
          <S>cosmosdb</S>
          <S>data</S>
          <S>PSModule</S>
          <S>PSEdition_Core</S>
        </LST>
      </Obj>
      <Obj N="Includes" RefId="2">
        <TN RefId="2">
          <T>System.Collections.Hashtable</T>
          <T>System.Object</T>
        </TN>
        <DCT>
          <En>
            <S N="Key">RoleCapability</S>
            <Obj N="Value" RefId="3">
              <TNRef RefId="1" />
              <LST />
            </Obj>
          </En>
          <En>
            <S N="Key">Function</S>
            <Ref N="Value" RefId="3" />
          </En>
          <En>
            <S N="Key">DscResource</S>
            <Ref N="Value" RefId="3" />
          </En>
          <En>
            <S N="Key">Command</S>
            <Obj N="Value" RefId="4">
              <TNRef RefId="1" />
              <LST>
                <S>Add-AzDataTableEntity</S>
                <S>Clear-AzDataTable</S>
                <S>Get-AzDataTableEntity</S>
                <S>Remove-AzDataTableEntity</S>
                <S>Update-AzDataTableEntity</S>
                <S>New-AzDataTableContext</S>
                <S>Remove-AzDataTable</S>
                <S>New-AzDataTable</S>
              </LST>
            </Obj>
          </En>
          <En>
            <S N="Key">Cmdlet</S>
            <Obj N="Value" RefId="5">
              <TNRef RefId="1" />
              <LST>
                <S>Add-AzDataTableEntity</S>
                <S>Clear-AzDataTable</S>
                <S>Get-AzDataTableEntity</S>
                <S>Remove-AzDataTableEntity</S>
                <S>Update-AzDataTableEntity</S>
                <S>New-AzDataTableContext</S>
                <S>Remove-AzDataTable</S>
                <S>New-AzDataTable</S>
              </LST>
            </Obj>
          </En>
          <En>
            <S N="Key">Workflow</S>
            <Ref N="Value" RefId="3" />
          </En>
        </DCT>
      </Obj>
      <Nil N="PowerShellGetFormatVersion" />
      <S N="ReleaseNotes">## [3.1.3] - 2024-01-20_x000A__x000A_### Added_x000A__x000A_- Added Sampler ([#48](https://github.com/PalmEmanuel/AzBobbyTables/issues/48))._x000A_- Added support for user-assigned managed identities ([#54](https://github.com/PalmEmanuel/AzBobbyTables/issues/54)).</S>
      <Obj N="Dependencies" RefId="6">
        <TNRef RefId="1" />
        <LST />
      </Obj>
      <S N="RepositorySourceLocation">https://www.powershellgallery.com/api/v2</S>
      <S N="Repository">PSGallery</S>
      <S N="PackageManagementProvider">NuGet</S>
      <Obj N="AdditionalMetadata" RefId="7">
        <TN RefId="3">
          <T>System.Management.Automation.PSCustomObject</T>
          <T>System.Object</T>
        </TN>
        <MS>
          <S N="copyright">(c) Emanuel Palm. All rights reserved.</S>
          <S N="description">A module for handling Azure Table Storage operations by wrapping the Azure Data Tables SDK.</S>
          <S N="requireLicenseAcceptance">False</S>
          <S N="releaseNotes">## [3.1.3] - 2024-01-20_x000A__x000A_### Added_x000A__x000A_- Added Sampler ([#48](https://github.com/PalmEmanuel/AzBobbyTables/issues/48))._x000A_- Added support for user-assigned managed identities ([#54](https://github.com/PalmEmanuel/AzBobbyTables/issues/54)).</S>
          <S N="isLatestVersion">True</S>
          <S N="isAbsoluteLatestVersion">True</S>
          <S N="versionDownloadCount">3242</S>
          <S N="downloadCount">12058</S>
          <S N="packageSize">1356423</S>
          <S N="published">1/20/2024 4:49:22 PM -05:00</S>
          <S N="created">1/20/2024 4:49:22 PM -05:00</S>
          <S N="lastUpdated">3/18/2024 2:41:34 PM -04:00</S>
          <S N="tags">azure storage table cosmos cosmosdb data PSModule PSEdition_Core PSCmdlet_Add-AzDataTableEntity PSCommand_Add-AzDataTableEntity PSCmdlet_Clear-AzDataTable PSCommand_Clear-AzDataTable PSCmdlet_Get-AzDataTableEntity PSCommand_Get-AzDataTableEntity PSCmdlet_Remove-AzDataTableEntity PSCommand_Remove-AzDataTableEntity PSCmdlet_Update-AzDataTableEntity PSCommand_Update-AzDataTableEntity PSCmdlet_New-AzDataTableContext PSCommand_New-AzDataTableContext PSCmdlet_Remove-AzDataTable PSCommand_Remove-AzDataTable PSCmdlet_New-AzDataTable PSCommand_New-AzDataTable PSIncludes_Cmdlet</S>
          <S N="developmentDependency">False</S>
          <S N="updated">2024-03-18T14:41:34Z</S>
          <S N="NormalizedVersion">3.1.3</S>
          <S N="Authors">Emanuel Palm</S>
          <S N="IsPrerelease">false</S>
          <S N="ItemType">Module</S>
          <S N="FileList">AzBobbyTables.nuspec|CHANGELOG.md|dependencies\AzBobbyTables.Core.pdb|dependencies\Microsoft.VisualStudio.Validation.dll|dependencies\System.Memory.Data.dll|dependencies\System.Runtime.CompilerServices.Unsafe.dll|dependencies\System.Numerics.Vectors.dll|dependencies\System.Text.Json.dll|LICENSE|dependencies\AzBobbyTables.Core.dll|dependencies\System.Threading.Tasks.Extensions.dll|dependencies\Microsoft.VisualStudio.Threading.dll|AzBobbyTables.PS.pdb|dependencies\System.Security.AccessControl.dll|dependencies\Microsoft.Win32.Registry.dll|dependencies\System.Text.Encodings.Web.dll|AzBobbyTables.psd1|dependencies\System.Buffers.dll|dependencies\Azure.Data.Tables.dll|dependencies\System.Memory.dll|AzBobbyTables.PS.dll|dependencies\System.Diagnostics.DiagnosticSource.dll|dependencies\Microsoft.Bcl.AsyncInterfaces.dll|dependencies\System.Security.Principal.Windows.dll|en-US\AzBobbyTables.PS.dll-Help.xml|dependencies\System.Linq.Async.dll|dependencies\Azure.Core.dll</S>
          <S N="GUID">eead4f42-5080-4f83-8901-340c529a5a11</S>
          <S N="PowerShellVersion">7.0</S>
          <S N="CompanyName">pipe.how</S>
        </MS>
      </Obj>
      <S N="InstalledLocation">C:\GitHub\CIPP Workspace\CIPP-API\Modules\AzBobbyTables\3.1.3</S>
    </MS>
  </Obj>
</Objs>
