﻿{
  "name": "Block sending read receipt responses",
  "comments": "Deletes all read receipts being sent to internal or external users.",
  "ApplyOME": false,
  "AttachmentHasExecutableContent": false,
  "AttachmentIsPasswordProtected": false,
  "AttachmentIsUnsupported": false,
  "AttachmentProcessingLimitExceeded": false,
  "DeleteMessage": true,
  "ExceptIfAttachmentHasExecutableContent": false,
  "ExceptIfAttachmentIsPasswordProtected": false,
  "ExceptIfAttachmentIsUnsupported": false,
  "ExceptIfAttachmentProcessingLimitExceeded": false,
  "ExceptIfHasNoClassification": false,
  "ExceptIfHasSenderOverride": false,
  "FromScope": "InOrganization",
  "HasNoClassification": false,
  "HasSenderOverride": false,
  "MessageTypeMatches": "ReadReceipt",
  "Mode": "Enforce",
  "ModerateMessageByManager": false,
  "Quarantine": false,
  "RecipientAddressType": "Resolved",
  "RemoveOME": false,
  "RemoveOMEv2": false,
  "RemoveRMSAttachmentEncryption": false,
  "RouteMessageOutboundRequireTls": false,
  "RuleErrorAction": "Ignore",
  "RuleSubType": "None",
  "SenderAddressLocation": "Header",
  "StopRuleProcessing": false,
  "UseLegacyRegex": false
}
