﻿{
  "name": "Disable read receipt responses",
  "comments": "This rule strips out the header responsible for asking for a read receipt, from all messages.",
  "ApplyOME": false,
  "AttachmentHasExecutableContent": false,
  "AttachmentIsPasswordProtected": false,
  "AttachmentIsUnsupported": false,
  "AttachmentProcessingLimitExceeded": false,
  "DeleteMessage": false,
  "ExceptIfAttachmentHasExecutableContent": false,
  "ExceptIfAttachmentIsPasswordProtected": false,
  "ExceptIfAttachmentIsUnsupported": false,
  "ExceptIfAttachmentProcessingLimitExceeded": false,
  "ExceptIfHasNoClassification": false,
  "ExceptIfHasSenderOverride": false,
  "HasNoClassification": false,
  "HasSenderOverride": false,
  "Mode": "Enforce",
  "ModerateMessageByManager": false,
  "Quarantine": false,
  "RecipientAddressType": "Resolved",
  "RemoveHeader": "Disposition-Notification-To",
  "RemoveOME": false,
  "RemoveOMEv2": false,
  "RemoveRMSAttachmentEncryption": false,
  "RouteMessageOutboundRequireTls": false,
  "RuleErrorAction": "Ignore",
  "RuleSubType": "None",
  "SenderAddressLocation": "Header",
  "StopRuleProcessing": false,
  "UseLegacyRegex": false
}
