{
  "name": "Block Specific email addresses with a hard rejection",
  "applyome": false,
  "attachmenthasexecutablecontent": false,
  "attachmentispasswordprotected": false,
  "attachmentisunsupported": false,
  "attachmentprocessinglimitexceeded": false,
  "comments": "\n",
  "deletemessage": false,
  "exceptifattachmenthasexecutablecontent": false,
  "exceptifattachmentispasswordprotected": false,
  "exceptifattachmentisunsupported": false,
  "exceptifattachmentprocessinglimitexceeded": false,
  "exceptifhasnoclassification": false,
  "exceptifhassenderoverride": false,
  "from": ["SomeSpammer@spam.com"],
  "hasnoclassification": false,
  "hassenderoverride": false,
  "mode": "enforce",
  "moderatemessagebymanager": false,
  "quarantine": false,
  "recipientaddresstype": "resolved",
  "rejectmessageenhancedstatuscode": "5.7.1",
  "rejectmessagereasontext": "Your email has been rejected.",
  "removeome": false,
  "removeomev2": false,
  "removermsattachmentencryption": false,
  "routemessageoutboundrequiretls": false,
  "ruleerroraction": "ignore",
  "rulesubtype": "none",
  "senderaddresslocation": "header",
  "stopruleprocessing": false,
  "uselegacyregex": false
}
