{
  "name": "Block External Auto-forwarding",
  "applyome": false,
  "attachmenthasexecutablecontent": false,
  "attachmentispasswordprotected": false,
  "attachmentisunsupported": false,
  "attachmentprocessinglimitexceeded": false,
  "deletemessage": false,
  "exceptifattachmenthasexecutablecontent": false,
  "exceptifattachmentispasswordprotected": false,
  "exceptifattachmentisunsupported": false,
  "exceptifattachmentprocessinglimitexceeded": false,
  "exceptifhasnoclassification": false,
  "exceptifhassenderoverride": false,
  "fromscope": "inorganization",
  "hasnoclassification": false,
  "hassenderoverride": false,
  "messagetypematches": "autoforward",
  "mode": "enforce",
  "moderatemessagebymanager": false,
  "quarantine": false,
  "recipientaddresstype": "resolved",
  "rejectmessageenhancedstatuscode": "5.7.1",
  "rejectmessagereasontext": "to improve security, auto-forwarding rules to external addresses has been disabled. please contact your Microsoft partner if you'd like to set up an exception.",
  "removeome": false,
  "removeomev2": false,
  "removermsattachmentencryption": false,
  "routemessageoutboundrequiretls": false,
  "ruleerroraction": "ignore",
  "rulesubtype": "none",
  "senderaddresslocation": "header",
  "senttoscope": "notinorganization",
  "stopruleprocessing": false,
  "uselegacyregex": false
}
