{
  "name": "if a message subject contains \"encrypt:\" encrypt message.",
  "applyome": false,
  "applyrightsprotectiontemplate": "encrypt",
  "attachmenthasexecutablecontent": false,
  "attachmentispasswordprotected": false,
  "attachmentisunsupported": false,
  "attachmentprocessinglimitexceeded": false,
  "comments": "\n",
  "deletemessage": false,
  "exceptifattachmenthasexecutablecontent": false,
  "exceptifattachmentispasswordprotected": false,
  "exceptifattachmentisunsupported": false,
  "exceptifattachmentprocessinglimitexceeded": false,
  "exceptifhasnoclassification": false,
  "exceptifhassenderoverride": false,
  "hasnoclassification": false,
  "hassenderoverride": false,
  "mode": "enforce",
  "moderatemessagebymanager": false,
  "quarantine": false,
  "recipientaddresstype": "resolved",
  "removeome": false,
  "removeomev2": false,
  "removermsattachmentencryption": false,
  "routemessageoutboundrequiretls": false,
  "ruleerroraction": "ignore",
  "rulesubtype": "none",
  "senderaddresslocation": "header",
  "stopruleprocessing": false,
  "subjectcontainswords": ["encrypt:"],
  "uselegacyregex": false
}
