<ApplicationInfo xmlns:xsd="http://www.w3.org/2001/XMLSchema" xmlns:xsi="http://www.w3.org/2001/XMLSchema-instance" ToolVersion="1.8.3.0">
  <Name>Install.ps1</Name>
  <UnencryptedContentSize>28319</UnencryptedContentSize>
  <FileName>IntunePackage.intunewin</FileName>
  <SetupFile>Install.ps1</SetupFile>
  <EncryptionInfo>
    <EncryptionKey>bmoyHXFtIws7JrnXNDV4rjzap+Be+4ZJEDJkTfbVIL8=</EncryptionKey>
    <MacKey>xNh8ZUZ6TLsAtihUEAU/NHiRfutDzz+eSgEdpaXUo9Q=</MacKey>
    <InitializationVector>3aQFPhO8ywEC4Ojby1lR0w==</InitializationVector>
    <Mac>PXX+hj3DXEpzMEMYBDXmAIlSyDIGuAwmAHIQpZIt8hU=</Mac>
    <ProfileIdentifier>ProfileVersion1</ProfileIdentifier>
    <FileDigest>fx41h3rGZYZO3Jux7JnPgatlmpMc2ZFIZS8ipF5VDDw=</FileDigest>
    <FileDigestAlgorithm>SHA256</FileDigestAlgorithm>
  </EncryptionInfo>
</ApplicationInfo>